Product,TotalQuantity,MA3,MA3_MSE,MA5,MA5_MSE,SES_0.3_M1,SES_0.3_M2,SES_0.3_MSE,SES_0.5_M1,SES_0.5_M2,SES_0.5_MSE,Holt_M1,Holt_M2,Holt_MSE,ARIMA_M1,ARIMA_M2,ARIMA_MSE
Coca Cola - Zero Sugar,661,33,561.0246913580246,33,629.9942857142856,41,41,498.3152929721054,36,34,414.65013122558594,24,31,511.67772870812774,41,41,318.1667914846296
Monster Energy Original,516,29,286.5432098765432,37,325.9485714285715,36,40,228.6899333761202,30,33,228.19427386197177,23,14,282.44681746074406,35,39,214.5217024729681
Poland Springs Water,457,40,359.9629629629629,34,303.4057142857142,40,39,248.312267635042,42,40,232.45997931740501,41,46,307.391993136986,42,40,185.8059390682848
Coca Cola - Regular,353,52,837.0,53,1954.6000000000001,44,55,1554.773831143733,40,55,1526.2838541666667,68,14,6327.541649138436,82,40,1383.6423437607918
Sunkist Soda - Orange,290,19,165.2469135802469,20,112.8342857142857,22,24,161.64125143370723,20,23,168.37830699573863,17,9,321.52852101824107,28,24,138.92688806798228
KitKat - Crisp Wafers,274,36,391.7407407407407,35,540.54,30,37,279.6718150325357,26,36,287.7015686035156,27,2,427.0570025545854,5,6,234.0180769000719
Red Bull - Original,239,21,28.17283950617284,20,32.23428571428571,20,23,32.23035863810823,19,22,38.09048158472235,19,11,81.70887819174666,23,20,29.7081436379481
SunChips Multigrain - Harvest Cheddar,235,20,181.38271604938276,26,169.0,21,24,131.5613129618799,18,22,125.1258562261408,18,7,201.07942939005252,14,13,98.00345276685667
CheezIt - Original,205,18,171.88888888888889,19,185.7371428571428,20,18,139.6786681284887,21,19,138.0301275253296,20,24,155.73645749989478,21,23,118.90843138535138
SunChips Multigrain - Salsa,205,19,115.75308641975309,24,121.13142857142859,20,22,87.18896037359417,18,21,86.8681491505016,20,12,168.91351665465208,15,16,81.02175518093468
Wonderful Pistachios - Variety,196,13,49.2716049382716,16,70.34285714285713,16,17,56.25678387771704,14,15,47.58884117820046,11,8,93.34755681230195,12,12,44.598771848638826
Robert Irvine's - Fit Crunch -  Chocolate Pea,173,13,9.987654320987657,13,14.102857142857143,13,15,13.263525277527371,12,14,14.239949052984064,11,6,24.259972192250004,15,15,13.387112643892316
Goldfish Baked - Cheddar,159,17,100.66666666666666,17,186.09333333333336,17,20,104.39840733668413,13,16,113.01273018973214,11,2,140.79228607634286,9,8,148.80377024080263
SunChips Multigrain - Original,156,18,101.81481481481482,20,75.63428571428571,17,18,73.91454839380695,17,19,70.49678568406539,19,14,98.82741392316788,13,13,59.989059147905614
Oreo Mini,141,4,143.72839506172838,11,90.34285714285716,10,12,118.0512841765355,7,9,114.3216980153864,3,-2,150.8423548165347,7,7,114.89268050133118
Snapple Tea - Raspberry,139,14,91.26388888888889,13,30.320000000000004,14,16,66.46638151500575,14,16,65.41409301757812,14,10,128.5870378501601,11,12,60.569701602071596
Starbucks Doubleshot Energy - Mocha,133,13,42.857142857142854,15,51.58399999999999,13,15,35.18645483440693,12,14,32.512825859917534,12,6,67.056108468736,8,8,29.379248146443015
Snapple Diet Tea - Peach Tea,116,2,92.09876543209876,2,106.82857142857144,5,6,76.7444021945639,4,4,74.60918218439275,0,1,119.73470284231561,7,9,72.7672395734984
Cheetos - Fleming Hot Crunchy,113,7,58.8641975308642,9,53.84571428571429,10,9,36.39386292639386,11,10,39.70114109732888,11,14,58.87135944964457,11,10,31.40216033029371
Starbucks Refresher - Real Coconut Water,111,14,82.84126984126985,17,113.00800000000001,14,14,65.15214918646114,14,15,59.939236111111114,16,14,65.19248462203285,10,13,43.32935929949437
Snapple Tea - Lemon,106,11,102.9722222222222,15,33.379999999999995,14,12,191.56938239493334,16,14,182.7421875,27,26,1126.2700878460676,16,16,171.95414265463444
Funyuns - Flaming Hot,103,7,65.31944444444446,10,69.93333333333334,10,9,39.80775689772695,11,9,41.04148712158203,10,14,53.11754001615361,12,11,32.131355190471915
Kinder - Bueno - Crispy Creamy Chocolate,102,10,114.27777777777777,9,78.70666666666666,9,11,89.07248401390218,7,10,91.62304229736328,6,-2,107.32290536276244,8,9,81.10005943674547
Cheetos Flaming Hot Limon Crunchy,99,8,13.28395061728395,9,8.822857142857142,9,9,22.734058754029437,8,9,21.16166132146662,8,6,83.42521276440738,4,7,19.741230759301093
Snapple Diet Tea - Lemon,97,3,89.65432098765433,1,92.47428571428573,5,5,66.77573299733909,4,5,65.81331539154053,1,1,81.28967802502667,4,5,61.09886604079781
Takis - Hot Chilli Pepper & Lime,97,11,459.88888888888886,15,331.44,11,14,253.8092323048348,8,11,274.9794921875,7,-3,359.5549226116573,8,10,222.1044834852165
Iberia Coconut Water,97,7,60.20634920634921,8,51.8,9,8,38.16947177233091,10,8,39.719753689236114,8,14,52.790647318965156,12,11,32.70504147970021
Nature's Bakery Fig Bar - Raspberry,95,16,31.61111111111111,14,44.900000000000006,15,13,62.57752284940002,18,16,54.003255208333336,27,30,230.02633012919262,13,17,57.15739325752251
Lays - Classic,88,11,56.841269841269835,9,57.17600000000001,11,11,41.47617001354714,13,13,44.705546061197914,15,16,51.17568097190336,10,10,37.91519520922418
Pop Corners - Sea Salt,88,12,55.61111111111111,9,56.809999999999995,12,12,52.36063171014594,14,14,52.805702209472656,17,16,127.89702958208159,11,10,45.879962906125556
Takis FUGEO mini,83,10,91.25925925925925,6,97.39428571428572,10,7,77.82953885379146,13,10,72.88235092163086,16,25,207.65035798466107,20,20,61.573899217601486
Nature's Bakery Fig Bar - Blueberry,83,12,60.638888888888886,11,21.060000000000002,12,11,52.30964185648333,14,12,59.291178385416664,17,20,167.7779353300065,12,12,51.146829853551
CheezIt - White Cheddar,77,11,19.925925925925927,10,10.582857142857142,10,10,18.359771792439453,12,12,15.615130077708852,14,14,17.190821732029647,13,12,14.451564790591242
Chesters Fries Flaming hot,74,4,51.206349206349216,8,46.040000000000006,7,7,47.92755745227827,7,7,52.46623399522569,6,7,177.0391546690956,8,8,44.219637602369545
Miss Vickie's Potato Chip - Sea Salt Original,73,7,40.03703703703704,9,44.36571428571428,7,8,28.75609035357011,6,7,31.26214773004705,6,4,42.28745948469319,0,4,27.350033455875245
Bai Antioxidant - Tanzania Lemon Super Tea,71,9,24.833333333333332,9,16.57,9,10,18.279026395330746,9,11,20.493804931640625,10,7,28.899678258496678,8,8,17.673713342044472
Keto Bar - Creamy Peanut Butter Chocolate,70,7,92.83333333333333,8,60.51,10,7,65.87369351814294,12,9,67.63932037353516,12,21,79.26753060026768,10,9,59.519927705213604
S. Pellegrino Sparkling Mineral Water,68,0,42.02469135802469,3,51.771428571428565,4,4,34.329131861175505,2,2,30.955011541193183,-1,-1,36.9195244459098,1,2,26.51508576156897
Snapple Tea - Peach,68,9,7.500000000000001,8,1.3000000000000012,9,9,82.39611834060001,10,10,85.576171875,19,14,662.3293496791927,11,11,93.86601305247098
Pop Corners - Kettle Corn,67,5,15.90740740740741,6,5.67,7,7,16.951006711205384,6,6,18.670814514160156,4,4,19.46755408773366,6,6,14.35365970232563
Miss Vickie's Potato Chip - Sea Salt & Vinega,66,5,27.975308641975307,3,29.28,6,4,32.72096373295308,8,5,31.71200180053711,8,15,83.81239353559221,10,8,25.412980090351812
Oreo Mini - Go Paks,64,8,12.466666666666667,7,4.826666666666667,8,9,8.032315215004141,8,9,9.121547154017858,8,6,23.124568074394862,8,8,7.954035739541729
Doritos Famin Hot Nacho,64,15,87.85185185185185,10,130.26000000000002,12,12,64.86294927879841,14,15,61.672096252441406,18,16,100.04615116546822,10,9,56.84210493753029
Mini Chips Ahoy,62,12,32.09876543209876,7,39.21142857142858,9,9,32.40346021634604,10,11,29.08978271484375,13,13,33.69609318283647,8,7,24.815963477334137
Miss Vickie's Potato Chip - Smokehouse BBQ,61,4,14.11111111111111,4,10.000000000000002,5,4,12.108130310576591,5,4,13.327934005043723,4,6,17.307157392813632,3,5,11.738514426982146
CheezIt - Double Cheese,61,7,63.14814814814814,6,67.05142857142859,7,7,45.787637467438735,8,9,50.472850886258215,8,7,62.87236812255676,6,6,45.43377689982033
Pop Corners - White Cheddar,60,5,45.833333333333336,4,25.369999999999997,6,7,54.88223854327647,6,7,64.41410064697266,7,5,235.22044973410104,8,6,48.34707872754065
Spindrift - Sparkling Water  Lime,60,9,15.975308641975309,8,26.777142857142856,9,8,16.35501996178646,11,10,14.824986197731711,14,18,13.370400122023403,12,12,14.767128899440218
Fritos - Original,57,4,30.83333333333333,6,23.753333333333334,5,6,27.137748063114316,5,6,31.038148880004883,4,2,35.173330538593746,6,6,23.738402153533876
Miss Vickie's Potato Chip - Lime & Cracked Pe,57,6,29.345679012345684,3,34.66285714285714,6,4,26.384494146290866,9,7,21.682599501176313,10,17,23.08678032941791,15,14,14.65792496778983
Spindrift - Sparkling Water - Pineapple,56,1,49.71428571428571,2,16.951999999999998,3,3,47.935466736350506,2,2,43.73603651258681,0,0,171.14271098819023,3,4,42.239973358168065
Miss Vickie's Potato Chip - Jalapeno,56,2,13.049382716049386,2,8.85142857142857,4,3,24.19524386100752,3,2,25.282451716336336,3,6,70.89689698183533,1,4,21.38903696213187
Oreo Single Server 6 ct,54,8,170.44444444444446,10,324.0,11,7,145.56969436800003,14,9,155.9625,24,33,307.51116281249995,25,25,180.59998929042928
Good Health Veggie Stix - Sea Salt,54,13,11.111111111111114,,,13,14,67.23003333333332,12,13,79.60416666666667,21,18,282.5366666666667,,,
Lenny & Larrys - Chocolate Chip,53,5,5.444444444444444,5,6.62,6,6,12.785458678879145,7,7,12.310943603515625,8,9,73.41400783256043,8,8,12.377584650409627
Doritos Spicy Nacho,52,8,119.42222222222222,4,106.45333333333333,7,8,79.11607608414913,8,10,92.26185825892857,10,5,191.37932225551452,7,7,76.97900322963822
Pop Corners - Spicy Queso,51,6,26.01851851851852,4,18.11,6,6,17.459074650537744,7,7,17.034088134765625,7,8,29.413961119808075,7,7,14.760746179751571
Doritos Nacho Cheese,49,3,55.68253968253969,5,29.543999999999993,6,5,39.101067669219645,6,5,43.38759528266059,5,9,100.58418619083106,6,6,37.19202201573468
Newtons Fig Bar,49,3,10.271604938271603,3,9.70857142857143,4,4,10.063732724401941,3,4,10.582571203058416,3,1,24.205463852772734,4,4,8.962905153871143
SunChips Multigrain - French Onion,47,10,74.68518518518518,6,82.25000000000001,7,7,62.57948675000769,8,8,72.10294342041016,11,10,159.33817628605996,6,6,62.39383020095916
CheezIt - Cheddar Sour Cream and Onion,47,6,16.650793650793652,5,16.776000000000003,6,5,20.769533405278352,7,6,23.239334106445312,7,9,28.305970309229387,5,7,16.43908372032737
Lenny & Larrys - SnickerDoodle,45,3,10.984126984126984,4,10.079999999999998,5,5,12.063093572971813,4,5,14.674650404188368,4,3,36.686870917070614,6,5,8.20419630414396
Canada Dry - Ginger Ale & Lemonde,43,2,42.18518518518518,6,54.760000000000005,6,7,40.79251767199999,3,4,34.190625,3,-1,124.65030644999997,-1,1,27.740123394380568
RXBAR - Protein Bar - Chocolate Sea Salt,42,5,20.873015873015877,5,16.791999999999998,5,6,14.615535012383516,5,7,16.015389336480034,5,1,41.46945722642985,4,4,14.070536357214102
BodyArmor LYTE  - Peach Mango,41,6,4.45679012345679,5,5.9314285714285715,6,5,4.029645128445023,6,6,3.264677567915483,8,9,3.3646579842363753,7,7,2.8181818181726026
Doritos Cool Ranch,40,2,32.11111111111111,2,14.831999999999999,4,3,29.22851290226922,4,3,34.513760036892364,3,6,39.90853510643441,4,5,24.00854232593192
RXBAR - Protein Bar - Peanut Butter,40,4,15.055555555555557,5,8.53,5,5,13.039430261323918,5,5,13.4234619140625,5,6,17.315368921219783,2,6,8.54535406045835
Cheetos Puffs,39,3,44.24444444444445,2,38.74666666666666,5,4,27.914439187199996,6,4,29.1875,6,12,37.262665142323435,9,7,25.23200055785342
Pringles - Cheddar Cheese,39,10,47.629629629629626,7,0.3599999999999996,8,8,30.9925242,9,10,27.440625,11,9,29.303071378124997,6,6,24.86719579298437
Seapoint Farms Dry Roasted Edamame - Wasabi,39,5,2.777777777777778,5,0.7400000000000002,5,5,3.699729148266181,6,6,4.0054931640625,6,6,22.70905727306253,5,5,4.297526595232795
BodyArmor LYTE - Strawberry Lemonade,37,9,39.85185185185185,7,6.759999999999998,7,8,28.469477177999998,7,9,24.52890625,11,7,28.852175612499984,4,4,18.97986128184879
Pringles - Sour Cream & Onion,36,5,7.0,6,5.760000000000002,6,7,6.880012928000001,6,7,6.4625,7,5,13.753849278125,5,5,3.000821730735631
Snyder's of Hanover Pretzel Pieces - Honey Mu,35,3,9.844444444444447,3,3.2266666666666666,4,4,8.545591954855569,4,4,9.036446707589286,4,4,24.551959479572556,5,5,9.420266227949906
Cheetos Cheddar Jalapeno,35,5,23.759259259259256,3,17.85,5,5,13.679277693051539,6,6,14.666908264160156,7,9,18.977497717334355,6,5,12.116257327724025
Ritz Bits Cheese,35,2,13.49382716049383,2,8.834285714285715,3,3,31.336805696633817,4,3,26.599335843866523,5,7,120.47470599480702,2,4,28.157952006986623
Snapple Diet Tea - Raspberry,34,2,9.152777777777777,1,13.573333333333332,3,2,7.84323292285751,3,2,7.55146369934082,3,6,10.938255014625248,5,4,7.098638791267938
Belvita Snack Packs - Blueberry,33,9,94.44444444444447,6,,7,9,51.391056,7,9,60.0,6,2,108.78515625,,,
Jacks Links Bar Beef Strip,33,10,81.0,,,9,7,73.91146666666668,12,10,65.66666666666667,13,18,97.6875,,,
Nutri Grain Apple Cinnamon,32,9,28.44444444444445,,,7,8,78.7632,6,7,92.0,23,17,474.7408333333333,,,
Nutter Butter Bites,32,3,11.19753086419753,3,11.445714285714287,4,3,11.238877222276743,5,4,11.909149603410201,6,9,22.500650213676867,4,4,11.062102689173763
BodyArmor  LYTE - Blueberry Pomegranate,32,1,10.57777777777778,3,17.333333333333332,3,4,15.539900256245142,2,3,13.444893973214286,2,0,34.8710561544086,2,2,8.111260754803522
Simply Protein - Lemon Coconut,31,7,18.88888888888889,6,,6,7,39.07782525,6,7,36.98828125,13,8,110.11600624999998,,,
Cheetos Baked - Crunchy Cheese,31,5,17.77777777777778,4,18.344,5,4,14.62197712040908,6,5,15.909242418077257,7,10,25.37877351017296,2,8,10.151527350880091
CheezIt - Go Paks,31,4,11.296296296296296,4,10.92,4,5,10.669648986620656,3,4,11.874427795410156,4,1,34.964582516177565,5,4,9.686202470229961
Keto Krisp - Almond Butter,30,0,6.277777777777779,0,9.046666666666667,2,2,15.289900028562354,1,1,13.607208251953125,0,1,54.48395759111612,2,2,12.074618703508875
Lindens - Chocolate Chippers,30,10,,,,9,11,93.78,9,11,112.5,26,20,364.5,,,
Cheetos - Crunchy,29,7,24.583333333333332,4,16.419999999999998,6,6,22.006236768349996,7,7,21.302897135416668,5,7,93.53084709615234,6,6,18.782234845669706
Genius Keto Bar - Chocolate Dream,29,8,49.0,,,7,8,31.016966666666665,6,8,34.604166666666664,15,8,136.80749999999998,,,
Cheetos Baked - Flaming Hot,29,4,15.086419753086423,3,18.022857142857145,3,4,22.43885735658286,3,4,20.674969499761406,4,3,67.71512946410033,3,3,18.62254744673207
Popchips Potato - Sea Salt,29,4,16.6984126984127,5,19.472,5,4,11.650978489600675,5,4,12.324023776584202,6,8,14.49024347318403,12,11,11.623853902881528
V8 Vegetable Juice - Original,28,0,5.407407407407408,1,4.08,2,2,8.51305544626585,1,1,7.328671281987971,0,1,8.140555370642094,2,2,6.583659611325794
Mini Chips Ahoy - Go Paks,27,3,13.555555555555554,5,,5,6,18.39571525,4,5,20.61328125,10,6,122.1719140625,,,
Snyder's of Hanover Pretzel Pieces - Hot Buff,27,1,7.0,2,9.959999999999999,3,3,22.09193536822857,3,3,18.922433035714285,-1,3,105.58391315127267,1,3,20.838152265335918
Good Health Veggie Stix - Zesty Ranch,26,7,33.888888888888886,5,,5,6,30.723507250000004,6,8,29.14453125,9,6,30.82855624999999,,,
Vitamin Water - Squeezed Lemonade,25,6,1.3888888888888884,5,,5,5,19.41246725,6,6,20.23828125,8,7,22.189389062500002,,,
Starbucks Doubleshot Energy - Coffee,25,2,7.722222222222222,1,0.52,4,4,31.694364193683317,3,3,20.696126302083332,-2,0,53.10779993860026,1,0,11.2435898482918
Doritos Dinamita Chile Lemon,25,4,10.88888888888889,2,6.586666666666667,4,4,25.164471796546287,4,4,19.944754464285715,2,4,78.55321517633263,4,4,16.259434232892623
Pringles - Original,24,7,0.0,,,6,6,29.640533333333334,7,7,24.333333333333332,16,14,43.700833333333314,,,
Ice Breakers Ice Cubes - PepperMint,24,3,7.955555555555556,3,8.453333333333333,3,4,5.107824844629143,3,4,5.587751116071429,2,1,11.111373366420144,3,3,4.555322398110773
Popchips Potato - Barbeque,23,3,16.714285714285715,3,18.088,4,3,13.162141640642053,6,4,14.582812839084202,7,13,23.035455773961807,2,3,12.61219734872412
Snyder's of Hanover Pretzel Pieces - Cheddar,22,5,0.5555555555555555,4,,5,5,6.759156000000001,5,5,8.3125,2,3,36.50140625,,,
Snyder's of Hanover Pretzel - Cheddar Cheese,22,4,4.567901234567902,2,6.594285714285713,4,3,4.903086951611027,5,4,4.009523218328303,6,9,8.597242667698286,7,7,2.9807598669335875
Jack Links Beef Steak Original,22,3,7.462962962962963,1,4.43,3,3,10.104513441916977,3,3,9.878150939941406,3,3,24.914167321330464,3,3,9.776170509774497
Simply Protein - Peanut Butter Chocolate,22,4,2.7222222222222228,4,,5,5,1.8732040000000003,5,5,2.0,4,6,9.905951562499999,,,
Red Bull - Energy Drink - Sugar Free,21,6,22.5,3,25.92,5,5,14.06869400235,5,6,14.46826171875,5,4,33.76773841880859,4,4,12.301859799244165
Pop Corners - Sweet & Salty Kettle,21,1,7.2666666666666675,1,4.839999999999999,2,2,10.437135115728568,2,2,11.365652901785714,1,2,14.022864359345439,3,3,10.867152627733487
Teddy Grahams - Go Paks,21,5,9.11111111111111,4,,5,4,15.812176000000001,5,4,16.0,10,11,30.144506249999996,,,
Ruffles Baked  - Cheddar & Sour Cream,20,5,13.166666666666666,3,21.589999999999996,4,3,10.609557259233986,6,5,10.812477111816406,7,10,12.968845027117295,4,6,8.71273483545004
Autumns Granola Bar - Cinnamon Almond,19,0,7.37037037037037,1,6.299999999999999,2,2,4.558609313951135,2,2,4.876502990722656,1,2,6.39168098560815,3,3,4.513898222763423
Pure Organic Fruit Bar - Strawberry Banana,18,1,3.938271604938272,2,4.457142857142857,2,2,6.403693444357538,2,2,5.487899520180442,3,3,21.054423837032477,2,2,4.680105364287439
Bai Antioxidant - Zambia Bingcherry,18,2,3.6984126984126986,1,5.096,3,2,4.086640552426023,3,3,3.3392266167534723,4,6,4.039786330403639,5,5,2.6129488176559827
Vitamin Water - XXX Acai BB Pomegranate,17,4,11.416666666666666,3,3.9199999999999995,4,3,7.854296582483333,5,5,7.826334635416667,5,7,11.44718003594401,4,5,7.75835943677632
Munchies Snack mix Flaming Hot,16,3,9.88888888888889,2,14.146666666666667,3,2,9.396669382912714,4,3,9.722551618303571,4,8,20.58354163199157,2,6,7.3484086484982845
Simply Protein - Dark Chocolate Sea Salt,16,5,,,,6,6,2.1799999999999984,6,6,2.5,3,4,8.0,,,
Skinny Pop Popcorn,15,5,,,,5,5,4.905,5,6,5.625,10,9,18.0,,,
S. Pellegrino Essenza Mineral Water - Blood O,15,3,6.592592592592592,2,17.64,3,3,4.764512768000001,4,3,4.6625,6,9,6.977025003125,9,10,3.9765516818089295
Hersheys Milk Chocolate,15,5,,,,7,7,32.980000000000004,6,5,36.5,-6,-4,112.5,,,
Keto Krisp - Almond/Chocolate,15,2,0.11111111111111122,,,5,5,21.580966666666665,4,4,18.604166666666668,-5,-4,67.74666666666666,,,
Chum Fruit Bites - Mango/Strawberry,14,1,3.240740740740741,1,2.29,2,2,3.256842963451726,1,1,3.7048110961914062,1,1,11.558703797193616,0,1,1.9303747274118044
Bai Antioxidant - Kupang strawberry kiwi,14,1,4.7407407407407405,0,4.5200000000000005,2,2,7.003577247968419,2,2,7.98291015625,2,4,12.642884221276852,2,2,7.721227401696017
Hungry Buddha - Chocolate Chip,13,2,4.644444444444444,2,3.066666666666667,2,3,2.7225336323058573,2,3,2.8104422433035716,2,1,5.336249997489341,2,2,2.350445103055168
Popchips Potato - Sour Cream & Onion,13,2,26.5,2,,4,3,21.676740999999996,4,3,21.578125,-2,4,81.16605624999998,,,
Ritz Bits Peanut Butter,13,3,13.444444444444443,,,4,4,5.3521333333333345,5,4,5.75,3,6,18.986666666666668,,,
Bai Antioxidant - Molokai Coconut,12,1,5.777777777777779,2,,2,2,6.376435999999999,2,2,7.3125,5,4,39.1236,,,
Lays Baked - Original,11,3,,,,4,4,8.705000000000002,5,4,10.625,1,3,32.0,,,
Vitamin Water - Ice Cool Blue Lavender,11,1,2.8888888888888893,2,,2,3,1.489999999999999,2,2,1.25,1,1,1.1225,,,
Monster Energy  Zero Ultra,10,2,1.7654320987654322,1,1.8685714285714288,2,2,1.8160522386820461,3,3,1.6000106117942117,4,5,3.9874455302708416,3,3,1.3636363636344628
Bai Lemonade - Burundi Blueberry,10,3,,,,3,3,12.625,4,4,12.625,11,11,32.0,,,
Nature's Garden Trail Mix - Cranberry Healthy,9,0,1.462962962962963,0,1.0299999999999998,1,1,2.317836727300986,1,1,2.8335342407226562,1,1,4.081875433986683,1,1,1.7791012063692135
NuGo Dark Chocolate - Choc Chip,9,3,,,,3,3,4.905,3,4,5.625,8,7,18.0,,,
Stretch Island Fruit Leathers Snacks - Variet,7,1,5.777777777777779,1,,2,2,3.091525,2,3,3.703125,2,2,4.1988140624999994,,,
Orchard Bar - Variety,7,2,,,,3,3,3.2799999999999994,2,3,4.0,5,4,12.5,,,
Keep Healthy - Chocolate Fudge,7,1,0.44444444444444453,1,,2,2,0.47847724999999997,2,2,0.55078125,3,2,2.06825625,,,
Zevia Zero Calorie Energy - Mango Ginger,6,1,1.2,0,0.9866666666666665,1,1,1.0431093862829999,1,1,1.2342703683035714,1,2,2.7298216236294786,1,1,1.053786327224718
Hungry Buddha - Coconut Cocoa,6,1,1.4444444444444446,1,,2,2,0.9433372499999999,1,1,1.08203125,2,2,3.3170015625,,,
Belvita Breakfast Biscuit Bites - Blueberry,6,1,1.7555555555555553,0,2.52,2,1,1.2861359534201429,2,2,1.2610560825892858,2,4,2.57447393296702,4,4,1.1428571428597836
NuGo Dark Chocolate - Pretzel Sea Salt,6,1,4.055555555555555,1,,2,2,2.556304,2,2,2.8125,0,3,10.2372640625,,,
Keto Bar - Chocolate Dream,6,2,,,,3,3,1.9449999999999992,2,3,1.625,0,-1,0.0,,,
Bai Antioxidant - Brasilia BB,5,0,0.40740740740740744,0,0.28,1,1,0.9149784840246304,1,1,0.8171154369007457,1,2,2.8165908034472826,1,1,0.7229151303067777
BodyArmor LYTE  - Berry Punch,5,1,1.1604938271604939,0,1.2857142857142858,1,1,1.0177667261845234,2,2,1.023966442454945,2,4,1.6236011709960692,1,1,0.9694498467011979
Belvita Snack Bites - Cinnamon BS Go Paks,5,1,1.0,,,2,2,0.3333333333333333,2,2,0.3333333333333333,2,3,0.3333333333333333,,,
Oberto Specialty Meats - Original,5,1,,,,2,2,5.944999999999999,3,2,6.625,2,4,12.5,,,
Pure Organic Fruit Bar - Raspberry Lemonade,5,1,0.9444444444444444,1,,2,2,1.716909,1,1,1.828125,-1,0,6.578025,,,
Bubly - Cherry,5,0,1.888888888888889,1,,2,2,1.66699725,2,2,1.61328125,0,2,3.055625,,,
Zevia Organic Tea - Peach,4,1,4.555555555555555,0,,2,1,2.19743725,2,2,2.39453125,1,4,5.3766265625,,,
Made in Nature - Mangoes Sweet & Tangy,4,1,1.1666666666666665,0,0.36,1,1,0.8918672224833334,1,1,1.0294596354166667,1,1,2.511637497923177,1,1,0.7757242464755558
Nature's Garden Trail Mix - Heart Healthy Mix,4,1,1.6111111111111114,0,,2,2,0.8978872500000001,2,2,0.92578125,1,2,3.416189062500001,,,
Nature's Garden Trail Mix - Omega 3,4,1,4.555555555555555,0,,2,1,2.19743725,2,2,2.39453125,1,4,5.3766265625,,,
Keep Healthy - Sea Salt Brownie,3,1,,,,1,1,0.0,1,1,0.0,1,1,0.0,,,
Lays Baked - Barbecue,3,1,,,,2,2,1.3450000000000002,2,2,1.625,0,1,4.5,,,
Belvita Snack Packs - Cinnamon,2,0,0.44444444444444453,,,1,1,0.5833666666666667,1,1,0.6041666666666666,0,1,2.174166666666667,,,
